<?xml version="1.0" encoding="UTF-8"?>
<LightningMessageChannel xmlns="http://soap.sforce.com/2006/04/metadata">
    <masterLabel>MovieChannel__c</masterLabel>
    <isExposed>true</isExposed>
    <description>This is a MovieChannel for communication between movie search and detail.</description>
    <lightningMessageFields>
        <fieldName>movieId</fieldName>
        <description>This is the record Id that changed</description>
    </lightningMessageFields>
</LightningMessageChannel>